epoch,train_loss,train_acc,train_f1,val_loss,val_acc,val_f1,lr,sec
1,0.29814364037352126,0.8962841976316864,0.8943547193515269,0.33612795289554126,0.8896289248334919,0.888669348013292,0.00029815325108927063,30.76613712310791
2,0.16245115913143446,0.9456921192323398,0.9446442767077523,0.19840741768208192,0.9429115128449096,0.9413097531492545,0.00029265847744427303,29.19036626815796
3,0.09221696113751537,0.9699877501020825,0.9694568987142352,0.19437218627553046,0.9362511893434824,0.9355267126830246,0.0002836509786282552,29.128690004348755
4,0.1383189672886376,0.9565128623928134,0.9557033601978828,0.1406320134987727,0.9533777354900095,0.9526011100480234,0.0002713525491562421,28.77995014190674
5,0.07742915476230078,0.9730502245814618,0.972433276292044,0.14036742328257645,0.9524262607040913,0.9522936481584792,0.0002560660171779821,29.400631427764893
6,0.058910116462037726,0.9806043282972642,0.9801985304628962,0.2076636316200681,0.9324452901998097,0.9327569958618284,0.000238167787843871,28.93415355682373
7,0.04899506928629659,0.9846876276031034,0.9843847978288884,0.20406844361641352,0.9419600380589914,0.941856059533667,0.00021809857496093204,29.040043354034424
8,0.03872025037308331,0.9867292772560229,0.9865066041342064,0.11165585977111285,0.961941008563273,0.9621122371165327,0.00019635254915624216,28.854653120040894
9,0.02322168255786888,0.9922417313189057,0.9920391931418651,0.1284464271280553,0.966698382492864,0.9666756045950812,0.00017346516975603468,28.895024299621582
10,0.025277721317216492,0.9920375663536137,0.9919331672764685,0.15119604288346067,0.961941008563273,0.9612959609179134,0.00015000000000000001,29.00481677055359
11,0.03475283167224945,0.9865251122907309,0.986190050449305,0.16372734317990228,0.9486203615604186,0.9484229185842207,0.0001265348302439654,30.85676121711731
12,0.029515328992381785,0.9916292364230298,0.9915110368651399,0.11407679587568942,0.9733587059942912,0.9730317190490696,0.0001036474508437579,28.946528434753418
13,0.032204841632850804,0.9914250714577378,0.9912383294605093,0.10896571447472882,0.978116079923882,0.9779405538777577,8.190142503906799e-05,28.6862633228302
14,0.010248888337208136,0.9967333605553287,0.9966627487582448,0.1058564551125239,0.9752616555661275,0.9749918699775197,6.183221215612905e-05,29.306633234024048
15,0.0078008565040158465,0.9975500204164965,0.9974793683379988,0.08462075430848463,0.9838249286393911,0.9836268286242479,4.393398282201788e-05,29.613706588745117
16,0.010002254952991091,0.9963250306247448,0.9962008255663601,0.09653770075084156,0.972407231208373,0.9722395214929767,2.86474508437579e-05,30.676146984100342
17,0.009157413485197205,0.9965291955900367,0.9964538986773035,0.09314694361482967,0.9771646051379639,0.9768821555982676,1.6349021371744834e-05,29.27201199531555
18,0.00770069967244975,0.9975500204164965,0.9974936710161182,0.11518415776810226,0.9714557564224549,0.9714150714150713,7.341522555726972e-06,29.469479084014893
19,0.006695203802545687,0.9975500204164965,0.9974680779724757,0.10280015818177891,0.9714557564224549,0.9713929067909327,1.8467489107293517e-06,29.22793674468994
20,0.006005664999117993,0.9979583503470805,0.9979018244254783,0.11174000884051484,0.9714557564224549,0.9713557967847529,0.0,28.888095140457153
